<?xml version="1.0" encoding="UTF-8"?>
<Inventory>
	<Item> 
		<id>ABC123</id>
        <Price>550</Price>     
    </Item>
    <Item>
    	<id>CR202</id>
        <Price>240</Price>     
    </Item>
    <Item>
    	<id>CTI1982</id>
        <Price>910</Price>     
    </Item>
    <Item>
    	<id>E241i</id>
        <Price>10400</Price>     
    </Item>
    <Item>
    	<id>JBL3100</id>
        <Price>180</Price>     
    </Item>
    <Item>
    	<id>MM35P</id>
        <Price>1950</Price>     
    </Item>
    <Item>
    	<id>PL123_C</id>
        <Price>440</Price>     
    </Item>
    <Item>
    	<id>PU238</id>
        <Price>2200</Price>     
    </Item>
    <Item>
    	<id>123A</id>
        <Price>360</Price>     
    </Item>
    <Item>
    	<id>RTF110</id>
        <Price>715</Price>     
    </Item>
    <Item>
    	<id>RX100-3</id>
        <Price>642</Price>     
    </Item>
    <Item>
    	<id>SN-241-L</id>
        <Price>620</Price>     
    </Item>
    <Item>
    	<id>SR71-D</id>
        <Price>1600</Price>     
    </Item>
    <Item>
    	<id>XLK200B</id>
        <Price>820</Price>     
    </Item>
    <Item>
    	<id>XTP202</id>
        <Price>345</Price>     
    </Item>
    <Item>
    	<id>TF109</id>
        <Price>1100</Price>     
    </Item>
	
	
</Inventory>